,Daily Time Spent on Site,Age,Area Income,Daily Internet Usage,Target
774,-2.0447332135008716,1.0238956320495574,-0.5067122665150061,0.12465479265877087,1
69,0.8538475513121548,-0.22878504335308208,-1.6753539443094414,-1.100266157524768,1
643,0.689133948086333,-1.5953457801559614,-1.23601079554684,0.06038917257472303,0
913,1.4174078872533764,0.11285514084763774,0.4481752327544345,0.7192257245711158,0
915,-1.9538567427555908,-0.22878504335308208,-1.1051046339754866,-0.11668312106111159,1
938,-2.0447332135008716,0.2267352022478777,-1.1068677703259162,0.22902945222789875,1
192,-0.2713798607630958,1.479415877650517,-0.8954793568193484,-1.5822583081551282,1
534,0.540828596522853,-0.6843052889540419,1.1468761861617467,0.7379128906948459,0
457,0.9497727148766179,-1.2537055959552414,-0.6742385612530635,0.9101994466648469,0
218,-1.9014765547565748,0.45449532504835755,0.34464840088877685,0.4610237828859155,1
868,0.17101184751775098,-1.2537055959552414,0.6287572389198474,1.0428327476893713,0
344,-0.2467674832695821,-1.1398255345550017,0.025073224925400327,-1.1011777266039744,1
400,-1.8314259418904206,1.251655754850037,0.07411138695616933,-0.3299902855953982,1
738,-1.1214535141929125,0.7961355092490774,1.382621836103308,0.7035011579548062,1
183,0.16280772168658006,0.5683753864485975,0.749153198524089,1.723091173047114,0
734,-0.5320186275533811,-1.1398255345550017,0.10707099846132118,-1.094340958509927,1
429,1.2425968983891902,-0.5704252275538019,-0.659264581342923,1.181619139998539,0
215,0.06372712511012824,-1.4814657187557214,-1.5567502083304456,-0.6392400957161545,1
757,-1.0185863980020735,-0.11490498195284214,0.5566633095452429,-1.1766100679083003,1
128,0.3414052301651531,-1.0259454731547617,0.8665181149269167,0.9806181580335379,0
297,0.4461656061631852,-0.5704252275538019,1.0971503711212078,1.058557314305681,0
847,1.5032356651794752,-0.0010249205526021983,0.2713879972112661,-0.24840485300642984,0
2,0.28208308953976147,-1.1398255345550017,0.356948588998457,1.2875890454562777,0
425,-0.31113831671415637,0.6822554478488374,0.8176783430269482,-1.3502639774971108,1
999,-1.2615547399252207,-1.1398255345550017,-1.873832082762737,-0.03760450343996035,1
563,-0.1729303507890416,0.11285514084763774,1.714561341346474,-0.31472150351869205,0
731,-0.19754272828255526,-0.11490498195284214,0.8673683583446361,1.599801455084454,0
530,0.006298244291929117,1.479415877650517,0.33245412029253235,-1.410655428994532,1
866,1.3618722662423717,-0.45654516615356194,0.3842331986041086,0.36303010687123277,0
776,-0.5389605801797567,-1.1398255345550017,0.8344005427363307,-0.6465326483498052,1
715,-0.9977605401229467,0.2267352022478777,0.4478328979046686,-1.2971650786333406,1
934,0.8462745120833811,-0.342665104753322,0.027496418665901596,1.554906677933541,0
80,0.8273419140114477,-1.0259454731547617,0.6188034243120506,0.6665826102469488,0
273,0.24484897999829192,0.11285514084763774,1.7243160199959096,-0.00957375425436453,0
158,0.9756472655749269,-1.0259454731547617,0.494175639135754,0.637184507442544,0
59,-1.462871366090114,0.5683753864485975,-2.248453807575436,-0.5387396047336533,1
150,-0.43041368456733775,-1.2537055959552414,1.0525744953783491,-0.08477820328888905,0
367,0.7617089073620777,0.45449532504835755,-0.7786864901545841,1.8463808910097728,0
111,-0.11108386375405842,1.9349361232514768,0.7629167003053182,1.2711808020305635,1
594,-0.9567399109670902,0.2267352022478777,0.9532653183611175,-1.0200480785546087,1
407,-1.0267905238332449,-1.0259454731547617,-1.5519754202951452,-0.8650813350895288,1
872,0.3186861124788329,-0.342665104753322,1.533469934957988,0.5341772014922257,0
948,-0.37803349656832175,-0.6843052889540419,1.511491142609932,-0.028488812647896673,1
332,-0.5490579658181215,1.479415877650517,0.9271352498174225,-1.0200480785546087,1
669,-0.17797904360822378,-0.342665104753322,0.8129281673011082,-1.2205932759800069,1
189,-1.58656434016008,-0.0010249205526021983,-1.6711318144956593,-0.7782543802951235,1
914,-1.460347019680523,0.3406152636481176,-0.14605019613165954,-1.1709127611632604,1
694,0.20509052404723177,-0.342665104753322,1.6020495248726843,0.4298025419230984,0
575,-1.0185863980020735,2.0488161846517166,-0.13509249762890538,-1.0378236755991326,1
378,0.16154554848178473,-0.5704252275538019,0.5458249434519937,-1.2431546106903641,1
603,0.8431190790713924,-1.3675856573554814,0.2923972137320987,0.3821730575345663,0
202,-1.8522517997695476,0.45449532504835755,-1.770165781143471,-0.16909834311547658,1
887,-0.8096967326084065,0.9100155706493174,0.19351987087176115,-1.4728700186503654,1
674,0.785059111650796,-0.9120654117545217,0.7920875078087014,0.6925623290043295,0
828,0.10664101407317715,-0.11490498195284214,-0.4654769524107149,-1.6346735302094935,1
589,-1.58656434016008,-0.9120654117545217,-0.2855602244282897,-0.4275281770704782,1
75,-0.056810415947849385,-1.5953457801559614,0.4076484548315765,0.81881464647441,0
217,-0.738383946537457,-0.22878504335308208,-0.7537549664988497,-1.5510370671923104,1
818,1.0715724291393909,-0.22878504335308208,0.927249361434011,0.7493075041849253,0
733,-1.3183525341410214,0.5683753864485975,-0.886683812411305,-1.339097256276833,1
971,-1.251457354286856,1.365535816250277,-1.5350555762825218,-1.0922899280817127,1
610,-2.0251695288265408,0.11285514084763774,-0.2467533248574156,0.023242732597064185,1
727,1.0204544143451701,-0.6843052889540419,0.16378074276811289,1.1829864936173484,0
174,-0.10351082452528515,1.365535816250277,1.122714356547317,-0.9701396714680608,1
101,-0.08836474606773818,-1.4814657187557214,-0.23383409987343157,1.259786188540484,0
955,-0.6594981212377339,0.9100155706493174,-1.0033155803232385,-1.617125825434771,1
806,-0.6109044528531042,0.7961355092490774,0.9458823713505846,-1.1930183113340145,1
302,-1.625060622906345,0.3406152636481176,0.5502752964989538,-0.6298965126542888,1
946,0.4934971013430191,-0.22878504335308208,1.5490704100180284,0.2693663839827795,0
483,-0.9087773291848588,-0.6843052889540419,-1.5519828785707397,-1.1421983351682605,1
544,0.7314167504469847,-0.7981853503542817,0.9342922110774562,0.7210488627295281,0
439,0.8317595202282327,-1.4814657187557214,-0.17215266905565701,-0.28099344758805717,0
490,-0.9346518798831681,0.45449532504835755,-1.567187319196736,-1.428886810578659,1
816,-1.7727348878674267,1.365535816250277,-0.02646196777425126,-0.46285147888972467,1
304,-1.9866732460802754,0.7961355092490774,-0.9552850313252236,-0.329078716516192,1
732,1.146040648222329,0.5683753864485975,1.132543617952693,0.3406966644306767,0
845,-1.3151971011290327,0.6822554478488374,0.4990279932372319,-1.0615244716584984,1
104,0.09401928202522127,-1.8231059029564411,0.14056909746436233,0.5050069909576222,0
791,-1.862349185407912,1.251655754850037,-1.3511240585478284,-0.22698297964508057,1
86,0.789476717867581,-0.0010249205526021983,1.3872601376952374,0.46831633551956686,0
990,-1.8434165873359785,0.9100155706493174,-1.5801788894539823,-0.32771136289738245,1
45,-1.724141219482797,1.8210560618512368,-0.1062446334587439,-0.16340103637043688,1
700,-0.4039080472666307,-1.9369859643566811,-0.783858058451487,0.4086085608315505,0
455,0.07382451074849258,-0.342665104753322,1.1090202167291126,1.3320280380675873,0
107,-1.4268994297534403,0.6822554478488374,0.8607633094785604,-0.6611177536171066,1
121,-0.9731481626294329,-1.1398255345550017,0.13363364698947092,1.1836701704267534,0
521,-0.10982169054926309,-0.7981853503542817,-0.015858537362213692,-1.356872853321357,1
997,-0.8437754091378867,1.7071760004509968,-0.9385702898914354,-1.3589238837495712,1
255,1.011619201911601,-0.9120654117545217,0.650920996502636,0.48198987170766205,0
315,0.5610233677995825,0.3406152636481176,-0.5846892836781838,-1.5797514931873105,1
924,-0.3382750406172611,1.7071760004509968,1.2273054843402424,-0.6125767001493683,1
819,0.9213738177687174,0.3406152636481176,1.3717469244596483,0.3242884210049623,0
583,0.22717855513115387,-0.342665104753322,1.0030590037095624,-1.0236943548714341,1
958,0.9358888096238667,-0.7981853503542817,0.057013290156847966,1.235857500211317,0
683,0.7465628289045312,-0.9120654117545217,0.9688926432132954,0.291927718693137,0
735,1.193372143402163,-0.7981853503542817,-0.1324903052741472,0.9769718817167126,0
941,0.8683625431673041,1.7071760004509968,0.8935215475426735,-0.40906890321654943,1
113,-1.1908730404566685,1.1377756934497971,-1.27993556383034,-1.2844031115244516,1
103,0.2006729178304477,-1.7092258415562014,-0.49402573972955555,0.8698625149099655,0
991,-1.6433621343758804,0.2267352022478777,-1.3799883309242968,-0.8963025760523465,1
856,1.1233215305360087,-0.6843052889540419,0.2816744509105567,0.9844923266201646,0
491,-0.3710915439419461,-0.342665104753322,-1.9980698001254658,-1.2638928072423086,1
896,0.8734112359864863,-0.45654516615356194,0.5541908911858212,1.2600140808102853,0
659,0.7206882782062223,-1.1398255345550017,0.39642151257987823,0.9835807575409584,0
516,1.2501699376179638,-0.45654516615356194,-0.8726458460882159,1.2290207321172697,0
466,1.0968158932353016,-0.11490498195284214,-2.1924399203815677,-0.4649025093179391,1
389,-0.07069432120060014,0.2267352022478777,-2.611014009097464,-0.9833574231165533,1
351,0.549663808956422,-1.4814657187557214,0.11971426724832675,0.7151236637146869,0
927,1.65027884353816,0.2267352022478777,-1.3548673670684739,0.11348807143849282,0
155,1.4502243905780619,0.2267352022478777,0.1221359693337089,0.959652069211792,0
246,-1.580253474136102,1.0238956320495574,0.34388691095062607,-0.7718733967406789,1
892,-1.7203546998684103,0.45449532504835755,0.8035165693289985,0.2495397565100412,1
13,0.9163251249495352,-1.3675856573554814,-0.2431673859518048,0.7800729606081396,0
804,-0.6992565771887941,0.5683753864485975,-2.1823593150886724,-1.2429267184205628,1
260,0.6089859495818145,-0.9120654117545217,0.9448934040068151,0.7420149515512746,0
320,-0.8519795349690582,-0.22878504335308208,0.8987341363553434,-1.0184528326659976,1
672,1.5278480426729888,-0.342665104753322,-0.8145749664855132,0.6957528207815521,0
893,0.3066954670332751,-1.2537055959552414,-0.3351420947498638,1.39834468857985,0
675,1.1094376252832576,0.2267352022478777,0.7828787749327484,1.030754457389887,0
875,-1.556272183244986,-0.7981853503542817,-1.6743866059648953,-0.142434947548691,1
143,1.1782260649446163,0.9100155706493174,0.38728736245986556,1.2365411770207217,0
53,-0.9258166674495991,1.593295939050757,0.5711196851291578,-1.0665381015941333,1
681,-1.3158281877314302,-0.9120654117545217,-0.4573660777022037,-0.8669044732479412,1
343,1.1971586630165498,-0.9120654117545217,0.1481757927427173,0.581123009071353,0
687,0.5218959984509196,-0.9120654117545217,0.917471562130233,0.8258793068382594,0
422,-0.7333352537182745,-0.11490498195284214,0.4328313223748301,-1.3659885441134203,1
799,0.706804372953471,-1.3675856573554814,-0.577375698630675,1.1123398899788561,0
198,0.5307312108844886,-0.5704252275538019,1.346166530827233,0.4844966866754792,0
920,1.0128813751163963,-0.22878504335308208,-0.07119745061482226,1.4926920882777075,0
640,-0.023362826020766708,1.0238956320495574,-2.938688126528402,-0.48313389090206577,1
268,-1.5670006554857485,-1.1398255345550017,-0.5674293422984721,-0.19804066138027857,1
270,-1.2943712432499053,1.9349361232514768,0.6041300129083491,-0.27347300268460445,1
258,1.1656043328966605,0.3406152636481176,0.7046407181237795,1.0508089771324274,0
880,-1.0892680974706253,-0.342665104753322,-2.427218231978583,-0.5713281993152807,1
870,-1.210436725131,-1.0259454731547617,0.7018833936366659,-0.19963590726888955,1
717,1.2627916696659198,-0.7981853503542817,0.3578212072429586,0.2848630583292877,0
119,1.5127019642154422,1.0238956320495574,-0.42736068915984793,-0.6269339131468683,1
586,0.8387014728546083,0.2267352022478777,0.21218495137338905,1.642417309537351,0
936,-0.11487038336844527,1.0238956320495574,-1.1775505939581292,-1.6426497596525491,1
132,-0.8683877866314005,-0.0010249205526021983,1.5937074436207574,-0.0745230511478178,1
17,1.0747278621513796,0.5683753864485975,1.231441843984694,0.1716006002378982,0
556,-0.5553688318420991,1.479415877650517,-0.10814947704546007,-1.4847204166800483,1
536,0.7251058844230063,-1.4814657187557214,0.10866781526600397,0.02529376302527856,0
6,1.5089154446010553,-0.342665104753322,-0.08555761444357406,0.6463001982346076,0
266,0.35213370240591557,-1.1398255345550017,0.12635213252701638,-0.9813063926883389,1
967,0.18994444558968523,-1.2537055959552414,0.9962734645741111,0.18960408955222352,0
431,1.50765327139626,-0.11490498195284214,-0.3401354102600694,0.8842197279074662,0
318,0.9920555172372696,-0.5704252275538019,1.0154427245058948,0.14516509694091398,0
775,-1.3328675259961702,2.0488161846517166,-1.7509726547297857,-0.2996806137117873,1
835,-0.11928798958522978,-0.22878504335308208,0.6047080292668866,1.7078223909704071,0
576,-1.7638996754338576,0.3406152636481176,-0.3920942330134616,-0.8475336303148062,1
47,1.2874040471594335,0.7961355092490774,0.8993725647461924,0.42661205014587583,0
496,1.016036808128385,-0.7981853503542817,0.46032998449003065,0.831576613583299,0
186,-1.1795134816135084,2.3904563688524365,-0.8018750148039934,-0.592977964946432,1
331,0.9522970612862094,-0.5704252275538019,0.8679075916700844,0.7766545765611164,0
327,0.7471939155069293,-0.45654516615356194,0.8117132142068406,1.1756939409836977,0
781,0.6657837437976146,-0.0010249205526021983,-1.715498858521885,-1.2828078656358408,1
292,-0.6184774920818775,0.3406152636481176,1.6080482159329648,-0.468093001095161,1
247,-0.5017264706382877,0.5683753864485975,-0.35211340086408677,2.050116580212393,1
755,0.00440498448473569,-0.22878504335308208,1.4127398446071338,1.0831696794442527,0
312,0.6657837437976146,-1.5953457801559614,-0.9806603223788033,-0.24156808491238194,1
152,-1.7670551084458463,1.365535816250277,-1.3587203122403517,-0.4963516425505582,1
314,1.2173534342932792,0.5683753864485975,0.4205259134722341,1.1973437066148485,0
752,0.354026962213109,-0.9120654117545217,1.2794433057078916,0.23062469811650974,0
890,0.7352032700613715,-0.5704252275538019,0.4562600034983667,1.3315722535279846,0
396,-1.4483563742349652,1.7071760004509968,-1.987088235140811,-0.12420356596456364,1
656,1.2773066615210682,-0.5704252275538019,0.510165436181802,0.06471912570095316,0
131,-1.4723376651260807,-0.0010249205526021983,-0.08822991458891632,-1.081351099131236,1
873,0.4537386453919589,-0.45654516615356194,0.4525368323218254,1.602536162322073,0
529,1.537945428311354,-0.22878504335308208,-0.9128765304699907,-0.40952468775615286,0
555,0.4751955898734838,0.11285514084763774,1.377902985134964,1.001128462315681,0
853,1.0450667918386838,-1.1398255345550017,-0.27124555608066153,0.7679946703086554,0
77,1.1189039243192247,-0.342665104753322,-0.03419172459990733,1.3443342206368736,0
252,1.233130599353224,-0.342665104753322,0.7385534972498493,0.5473949531407181,0
182,-0.1293853752235941,2.7320965530531565,-1.3609682365043931,-0.5232429303871458,1
836,-0.9964983669181509,1.1377756934497971,-0.43210266078253445,-1.467628496444929,1
14,-1.391558580019164,-0.342665104753322,-1.7917761346771826,-0.830441710079687,1
164,-1.4969500426195943,1.593295939050757,-0.30130837334509114,-0.902683559606791,1
248,-1.4237439967414516,2.2765763074521965,-0.8614226329743143,-0.26731991139996136,1
787,-0.31808026934053196,-0.342665104753322,1.651531454301298,0.40245546954690736,1
458,-0.007585660960822082,0.6822554478488374,1.1191522841236061,-1.144021473326673,1
711,0.3130063330572526,-0.5704252275538019,1.3733571661603998,0.7761987920215129,0
764,-0.7674139302477547,1.7071760004509968,-1.2200843938433417,-1.3315768113733808,1
602,0.43101952770563867,0.45449532504835755,-2.4458862957904484,-1.014578664079371,1
177,0.44427234635599266,-1.5953457801559614,0.3960031033190529,0.4427924013017888,0
469,0.04100800742380801,-1.2537055959552414,0.6622739836118736,1.023689797026038,0
140,1.1902167103901742,-0.5704252275538019,0.680370743513236,0.23358729762393027,0
110,0.1028544944587903,2.7320965530531565,0.39777817291043255,-0.0688257444027781,1
467,-0.7775113158861195,-1.4814657187557214,-1.147381123352705,-0.7019104699115913,1
230,0.10537884086838183,-0.342665104753322,1.3207017404665247,1.0945642929343322,0
604,-0.9352829664855657,-0.11490498195284214,0.5971199796775173,-1.1891441427473879,1
424,-1.351169037465706,-0.0010249205526021983,0.28712645036979495,-1.0868205136064744,1
269,0.8929749206608177,-1.1398255345550017,0.545366259502961,0.5293914638263921,0
903,1.247014504605975,-0.6843052889540419,0.45041495291532263,-0.029856166266706258,0
345,0.04858104665258082,-1.7092258415562014,-0.9574263022482704,0.879889774781236,0
979,0.3338321909363803,-0.5704252275538019,0.14726439146512635,1.7012135151461614,0
665,-0.43861781039850917,-0.45654516615356194,-2.9177445428327973,0.3541423083489705,1
712,1.4104659346270008,-0.11490498195284214,0.23227307085835863,-0.4947563966619472,0
250,0.7383587030733603,-0.0010249205526021983,1.2035038894370047,0.962842560989014,0
614,0.17416728052974062,-0.5704252275538019,0.8336092196958037,1.4263754377654454,0
678,1.44202026474689,-0.22878504335308208,-0.23745136353653773,-0.6150835151171861,0
416,0.38053259951381607,-0.45654516615356194,0.2123132337136065,-1.347985054799095,1
453,1.1624488998846718,-1.2537055959552414,-0.38406241602624747,0.07793687734944495,0
475,0.6405402797017038,-0.342665104753322,1.2154505552835269,0.8999442945237757,0
524,0.9409375024430489,-0.45654516615356194,0.5796884979591426,1.143561130941674,0
627,-1.5045230818483681,1.479415877650517,0.33177690886859457,-0.6647640299339319,1
357,-0.9567399109670902,0.3406152636481176,-0.6861255608948336,-1.559013296635366,1
688,0.6045683433650295,-0.0010249205526021983,1.17104696570689,1.151309468114928,0
788,1.3012879524121845,-0.7981853503542817,0.1515790038962745,0.35733280012619306,0
454,1.0804076415729598,1.8210560618512368,-1.9630233631091032,0.48198987170766205,1
525,0.07193125094129915,0.5683753864485975,1.7223358478256936,-0.33568759234043793,0
844,1.5259547828657962,0.11285514084763774,-0.641174533889595,1.0029516004740933,0
581,0.045425613640592076,-0.0010249205526021983,-1.993188358749171,-1.3646211904946108,1
372,0.911276432130353,-1.1398255345550017,0.4359772230203933,0.6105211118757577,0
987,-0.10287973792288749,0.7961355092490774,-0.8834185793562372,-1.7082827333554065,1
286,-0.5673594772876572,-1.1398255345550017,-0.6459426094768606,-1.2019061098562764,1
569,0.3963097645737607,0.11285514084763774,0.917922041976112,1.5204949451935013,0
737,0.39315433156177193,1.8210560618512368,-1.0052800901147072,-1.3083317998536184,1
710,-1.234418016022116,0.7961355092490774,-0.4882522885922141,-1.383992033427746,1
631,1.2362860323652127,-0.0010249205526021983,-0.5840471261495376,1.40837194845112,0
219,-1.3505379508633082,0.2267352022478777,-2.5465133501051453,-0.21672782750400868,1
796,0.8973925268776018,-1.0259454731547617,0.6286714687505158,0.4282072960344868,0
39,-1.6452553941830739,0.3406152636481176,-2.050398553348322,-0.40838522640714464,1
756,-0.5092995098670609,0.11285514084763774,0.21536814339692248,-1.5542275589695327,1
233,0.8405947326618008,-0.9120654117545217,-0.4244400284372248,1.3564125109363578,1
695,0.5357799037036708,0.2267352022478777,0.904872297169233,1.4637497700129056,0
566,-1.0791707118322609,0.6822554478488374,-0.48719843425077736,-1.492012969313699,1
744,0.14829272983143074,-0.7981853503542817,-0.5585935232022208,-1.3972097850762382,1
194,0.7699130331932496,-0.342665104753322,-0.42322134620515944,1.687539978958066,0
224,1.5240615230586028,0.6822554478488374,0.36445459755629206,-0.20351007585551692,0
514,1.041911358826695,0.5683753864485975,-0.1184135559179689,1.5959272864978273,0
802,-0.9068840693776653,1.593295939050757,-2.180265777129427,-0.8607513819632987,1
858,-1.7260344792899904,1.7071760004509968,-0.3388287203759945,-0.42638871572147063,1
679,0.03595931460462494,1.1377756934497971,-2.3560133290547873,-1.1198648927277044,1
542,0.8298662604210393,-0.342665104753322,1.271102716111085,0.3274789127821849,0
339,0.05678517248375264,-1.5953457801559614,0.4139835141211486,0.7153515559844884,0
587,-1.3360229590081594,1.0238956320495574,-1.4405793618502234,-1.1620249626409989,1
62,0.4467966927655833,-0.7981853503542817,1.2103617738457182,-0.23928916221436616,0
854,0.6329672404729301,-0.22878504335308208,-1.4346373536844572,1.7221796039679071,1
642,0.6986002471222992,-0.0010249205526021983,0.9720773268919474,1.2661671720949286,0
959,1.2842486141474438,0.11285514084763774,0.6888097823478848,-0.4234261162140501,0
843,0.606461603172223,0.2267352022478777,1.1974425488617335,1.1686292806198486,0
539,0.4436412597535946,-0.22878504335308208,1.17720973883024,1.161108835716396,0
814,1.311385338050549,-0.22878504335308208,-0.37003116215119225,1.2028131210900868,0
136,-1.68059624391735,-0.0010249205526021983,-1.027067204779997,-0.9010883137181794,1
0,0.24926658621507689,-0.11490498195284214,0.5096910898540215,1.7340300019975894,0
259,0.5578679347875938,-0.5704252275538019,-0.9663725038233137,-1.3434272094030633,1
996,-0.864601267017014,1.0238956320495574,0.9533294595312262,-1.0387352446783393,1
137,-1.671129944881383,0.2267352022478777,-0.9262260979557507,-0.9735580555150848,1
390,0.8727801493840882,-0.0010249205526021983,0.8241864343103024,1.245201083273182,0
232,-0.1628329651506768,0.2267352022478777,1.4502751081892244,-0.8217818038272268,1
322,1.3744939982903275,-0.6843052889540419,-0.003548653494262045,-0.22493194921686618,0
405,1.046328965043479,0.5683753864485975,0.03577137543748188,1.5533114320449302,0
652,1.2785688347258644,-0.45654516615356194,0.03164098241350588,1.004318954092903,0
618,-1.8585626657935255,0.3406152636481176,-0.25406914738760317,-0.6567878004908764,1
275,-1.0943167902898079,-0.7981853503542817,-2.081873222182702,-0.5346375438772253,1
54,-0.1697749177770524,1.251655754850037,0.5759705475755171,-1.3833083566183413,1
911,0.16154554848178473,1.251655754850037,-0.3260526942834157,-1.5957039520734217,1
264,1.2015762692333347,0.2267352022478777,-0.3189404826769455,1.471042322646557,0
81,0.5338866438964773,-0.9120654117545217,0.7945651469610394,0.9742371744790934,0
841,-0.19691164168015715,1.0238956320495574,-1.2484489617550096,-1.6367245606377077,1
346,1.046328965043479,-1.2537055959552414,-1.141181058851385,0.441880832222582,0
743,-0.18176556322261062,0.11285514084763774,-0.32282400677875867,-1.6895955672316763,1
368,0.607092689774621,-0.0010249205526021983,1.357939418852414,0.8612026086575052,0
919,0.03532822800222773,-1.2537055959552414,1.0923651415000768,0.02848425480250049,0
474,-1.105676349132968,-0.5704252275538019,-1.912361534481513,-0.8810337939756397,1
771,-0.03913999108071133,-1.9369859643566811,-0.18421195486364964,0.01070865775797655,0
891,-0.6695955068760983,-1.8231059029564411,-0.1817417739869056,-0.18459501746198476,1
148,-0.9605264305814771,1.1377756934497971,1.2469125450493965,-0.632631219891908,1
51,0.9428307622502423,-0.9120654117545217,0.26298177478923124,1.0321218110086967,0
807,-0.7434326393566392,0.9100155706493174,-0.7974999903405331,-1.6214557785610015,1
401,1.259005150051533,-0.22878504335308208,0.10287198930188075,1.1476631917981026,0
35,1.2224021271124614,-0.6843052889540419,0.4765465131141373,0.4917892393091305,0
236,0.7427763092901444,-0.0010249205526021983,0.24973363985155006,-1.2873657110318721,1
20,0.7711752063980448,-0.6843052889540419,0.7310847800699843,1.0127509680755618,0
982,-0.670857680080894,0.2267352022478777,1.282546694182569,-0.8940236533543301,1
285,0.6405402797017038,-1.5953457801559614,-0.22292786347227642,0.7490796119151238,0
226,-0.4827938725663538,-0.7981853503542817,-1.017584007362184,-1.3710021740490552,1
784,-1.88001961027505,0.3406152636481176,-0.19838267849231292,-0.5925221804068286,1
350,0.5988885639434492,-0.9120654117545217,0.2980416367016631,1.3067319961196113,0
213,0.1438751236146467,0.7961355092490774,1.5846568261873988,-0.5515015718425423,1
146,-0.5654662174804638,1.479415877650517,0.7548416253196586,-1.1633923162598083,1
983,1.1226904439336116,-0.45654516615356194,-0.042574080540041324,1.2490752518598094,0
765,-0.846930842149876,-0.342665104753322,-0.38613134167603214,-1.4605638360810798,1
100,-1.4836972239692408,1.9349361232514768,-1.719307799867758,-0.24658171484801686,1
109,0.5692274936307534,-0.45654516615356194,1.2882604791151577,0.6959807130513535,0
644,0.8424879924689943,1.1377756934497971,-0.13534234986130594,1.674550119579375,0
654,0.7219504514110175,-1.1398255345550017,0.28491805496640216,1.0072815536003235,0
210,0.7453006556997359,-0.9120654117545217,0.7586721956647541,0.8625699622763148,0
184,1.2975014327977978,-0.7981853503542817,-0.0989653564789675,0.6941575748929412,0
85,-0.45691932186804485,0.5683753864485975,-0.5323769386616342,-1.705775918387589,1
859,1.146671734824727,0.7961355092490774,-0.055804315616296965,1.4676239385995329,0
374,0.5168473056317374,-1.2537055959552414,0.691224026157673,0.5410139695862736,0
478,-1.6054969382320132,0.5683753864485975,0.3164889355559449,-0.8402410776811555,1
68,0.6777743892431725,-1.2537055959552414,0.4479343304527475,0.8033179721279019,0
298,0.9712296593581428,-0.5704252275538019,0.8405096162754037,0.7916954663680211,0
127,1.5177506570346244,1.0238956320495574,0.2139361544828683,0.6148510650019878,0
684,-1.447725287632567,-0.22878504335308208,-0.8770044623453687,-1.104140326111395,1
783,1.1163795779096333,-0.7981853503542817,0.45952598238099396,-0.2869186466028983,0
41,-0.04797520351428036,-0.6843052889540419,0.3568173233480018,1.6490261853615977,0
201,0.27451005031098774,-0.7981853503542817,-0.11699424607242445,1.6583697684234628,0
317,0.5288379510772951,-1.2537055959552414,-0.14477184769484172,1.2805243850924284,0
910,-1.3985005326455398,1.8210560618512368,-2.0828524937681987,0.05013402043365115,1
538,1.2324995127508258,-0.11490498195284214,-0.016856454636695696,1.2828033077904442,0
307,1.1170106645120312,-0.11490498195284214,0.47612064557771805,1.163843542954015,0
541,0.6720946098215931,0.3406152636481176,0.6728520558868912,1.547386233030089,0
395,0.3817947727186114,-1.8231059029564411,-0.40689294344714233,0.5519527985367496,0
187,0.8172445283730834,-0.5704252275538019,0.5648062548388084,1.222639748562825,0
336,1.4047861552054215,-0.11490498195284214,0.6011780274282311,0.09183830580734216,0
181,1.2324995127508258,-1.0259454731547617,-1.0618250065308708,-0.2657246655113504,1
340,-1.8106000840112935,1.251655754850037,0.222502729830175,-0.2525069138628586,1
288,-1.2590303935156297,0.6822554478488374,0.8464359620624219,-0.8805780094360364,1
16,-0.6064868466363197,0.11285514084763774,-2.316774595327019,-1.152909271848935,1
753,1.1182728377168265,-0.5704252275538019,0.7983927339958967,-0.004104339779126842,0
697,0.9560835809005963,-1.2537055959552414,0.01458912692286773,0.7859981596229814,0
499,-0.4196852123265753,0.11285514084763774,1.1361153861346756,-1.0795279609728237,1
364,0.25936397185344123,0.6822554478488374,1.3879097534994782,1.17318712601588,0
797,0.7604467341572824,-0.22878504335308208,0.8022389667197403,1.2780175701246113,0
225,0.8645760235529173,-0.6843052889540419,-0.11622306037600112,-1.0485346122798072,1
172,0.9611322737197785,-0.5704252275538019,0.9766499956586501,0.36986687496528003,0
163,0.6834541686647527,-1.3675856573554814,0.22521306718104644,-0.4001811046942878,0
718,0.24926658621507689,1.7071760004509968,1.4635575511946393,0.13331469891123113,0
240,0.9485105416718226,0.9100155706493174,-2.3098234824733797,-0.6645361376641306,1
780,0.17984705995132,0.5683753864485975,1.7542602506783944,0.5173131735269079,1
696,-1.6288471425207316,2.0488161846517166,-0.18040375934533587,-0.15838740643480195,1
862,1.0299207133811363,-1.2537055959552414,-0.19270842242037226,-0.32702768608797766,0
504,0.07066907773650384,1.479415877650517,-1.1909456569250128,-1.508649105009215,1
253,-1.1940284734686577,-0.6843052889540419,0.8789436020665755,-0.35027269760773994,1
857,0.8525853781073595,-1.2537055959552414,0.3062457398550998,0.5859087467371865,0
584,-0.5578931782516906,-1.2537055959552414,0.8524689611904355,-0.3589326038602002,1
720,0.675881129435979,-0.22878504335308208,0.5302684722179595,1.5054540553865965,0
900,-0.8974177703416986,1.7071760004509968,-0.37612084417372055,-1.3208658746927058,1
758,-1.794822918951349,-0.7981853503542817,-0.9070538547137289,0.36211853779202596,1
620,1.0570574372842416,-1.3675856573554814,-0.17481229013248953,0.22971312903730354,0
418,0.7661265135788626,-1.3675856573554814,0.39409378476698054,0.11120914874047706,0
981,0.7307856638445865,1.1377756934497971,-0.9781796999162277,1.7834826245445345,0
38,-0.9195058014256212,1.1377756934497971,0.18092806418635513,-1.3828525720787381,1
826,1.1662354194990585,-0.5704252275538019,0.32376299174280543,0.9735534976696886,0
664,1.033076146393126,-0.342665104753322,0.8511413881346973,0.7985322344620683,0
707,1.0665237363202087,0.5683753864485975,0.878124683406351,1.0362238718651255,0
216,-0.21647532635448863,1.9349361232514768,-1.4727125964195562,-1.2319878894700864,1
980,0.14261295040985136,2.3904563688524365,-2.1865687658339445,-0.2641294196227394,1
106,0.45626299180155044,-1.2537055959552414,-0.629633598235388,1.3908242436763973,0
324,1.21987778070287,0.5683753864485975,-0.0007510543189399995,1.3890011055179845,0
513,-0.370460457339548,0.9100155706493174,-0.4083129991202463,-1.6854935063752476,1
311,0.2991224278045014,1.479415877650517,0.8595513396945299,1.4441510348099693,0
817,-0.6645468140569161,-1.4814657187557214,-0.6130635473481244,-0.876931733119211,1
91,-0.5812433825404084,-1.3675856573554814,0.33935526269969185,-0.6911995332309168,1
391,0.9447240220574358,0.9100155706493174,1.152231973865822,0.8204098923630211,0
360,-1.6465175673878698,-0.342665104753322,0.1021589781550908,-0.6654477067433366,1
572,0.4922349281382238,-0.11490498195284214,0.6378071105256471,1.5847605652775492,0
98,-1.8547761461791386,1.1377756934497971,-0.23352980222919487,-0.4963516425505582,1
24,-1.4900080899932189,0.5683753864485975,1.0413482989542109,-0.2912485997291284,1
939,-0.2631757349319248,-1.9369859643566811,-1.083028884044707,0.12442690038896949,0
527,-0.34016830042445456,-1.7092258415562014,0.42046923057771984,0.4204589588612327,0
352,0.8323906068306299,-0.6843052889540419,0.5575799316157496,1.1123398899788561,0
470,-1.3353918724057612,-0.0010249205526021983,1.1629547366873638,-0.2866907543330969,1
762,-0.7175580886583298,2.0488161846517166,-0.3480240283558782,-1.2240116600270305,1
95,0.4947592745478153,-1.1398255345550017,-0.1515357578310707,1.3361300989240161,0
531,-0.729548734103888,0.6822554478488374,-0.9018628949002818,-1.6369524529075092,1
162,0.44237908654879926,-0.5704252275538019,0.20561644805772394,1.6180328366685812,0
319,-0.18555208283699703,0.9100155706493174,-0.8074142760876816,-1.709194302434613,1
641,1.0280274535739438,-0.9120654117545217,-1.622980441433021,0.905185816729212,0
432,0.28902504216613706,0.7961355092490774,-2.0115909079498886,1.7107849904778278,1
726,0.15586576906020444,-1.3675856573554814,0.4112530394261729,1.026652396533459,0
509,0.9062277393111708,-0.342665104753322,0.5467475321429758,1.247024221431595,0
749,-0.6721198532856894,0.6822554478488374,1.6396429630044094,-0.36417412606563654,0
235,-1.5512234904258038,1.0238956320495574,-1.1050367636675809,-1.0505856427080216,1
484,-1.186455434239884,0.11285514084763774,-0.2748091201594911,-1.3833083566183413,1
89,-0.511823856276652,0.11285514084763774,-1.3175207978589116,-1.6114285186897312,1
518,-0.3647806779179682,2.1626962460519565,-1.1835142311231182,-1.2217327373290148,1
306,1.2489077644131685,-0.342665104753322,0.5050669589857207,0.7869097287021876,0
179,1.316434030869731,-0.22878504335308208,0.6052644166262015,0.6433375987271864,0
810,-1.378305761368811,-0.7981853503542817,-0.32320437883405423,-0.8422921081093699,1
12,0.2883939555637389,1.365535816250277,-0.25082778081443635,-1.524145779355723,1
94,-1.3461203446465237,-0.5704252275538019,-2.1862935554645246,-0.31244258082067633,1
778,-0.7781424024885172,0.9100155706493174,-3.0000540722885485,0.2566044168738905,1
585,0.858265157528939,1.1377756934497971,-0.986869336810836,1.6998461615273517,0
175,0.4253397482840584,-0.11490498195284214,1.2995276960550644,1.0838533562536576,0
709,0.8077782293371163,2.3904563688524365,-0.8421228532196346,-0.616678761005797,1
864,0.571751840040345,1.593295939050757,0.4429268442189136,1.5106955775920328,0
55,0.9844824780084959,-0.5704252275538019,0.9307644467214782,-0.055835885024087054,0
149,0.22780964173355198,2.3904563688524365,0.5049506098864535,-0.6770702125032182,1
56,0.011978023713509397,-0.0010249205526021983,1.510664765674113,-0.6697776598695668,1
933,-1.7840944467105868,-0.22878504335308208,-0.6162519601645736,-0.6884648259932976,1
309,-0.6361479169490155,2.0488161846517166,-2.3139039050508754,-0.4293513152288912,1
940,-1.2798562513947565,1.1377756934497971,-1.0837970864308928,-1.2793894815888167,1
8,0.6014129103530408,-0.6843052889540419,1.033866156878276,0.9459785330236962,0
503,-0.42852042476014435,0.11285514084763774,-0.55374415241098,-1.6877724290732636,1
570,-0.9264477540519968,0.45449532504835755,-2.0163746459159015,-1.2385967652943322,1
970,-1.5663695688833508,-0.7981853503542817,-0.3162137371197666,-0.6390122034463525,1
739,1.0961848066329045,-0.6843052889540419,0.6462088579823257,0.6253341094128612,0
408,-0.840619976125898,1.479415877650517,-0.293293710391743,1.791686746257392,1
222,-0.9497979583407147,0.3406152636481176,1.0245992494526899,-0.9892826221313943,1
28,0.3281524115148,-0.22878504335308208,-1.662528693597942,-1.385587279316357,1
494,0.17669162693933124,-0.6843052889540419,-1.1329351893546216,-1.4186316584375873,1
280,-1.175726961999122,1.8210560618512368,-1.6521922694521711,-0.814261358923774,1
867,1.625035379442248,0.45449532504835755,-0.6752812281811096,0.8318045058531005,0
580,0.26188831826303277,1.1377756934497971,-1.385379172523664,-1.5332614701477865,1
842,0.8355460398426187,-1.4814657187557214,-0.06666132739853123,0.43960190952456624,0
64,-1.201601512697431,1.0238956320495574,0.8414023718640096,-0.8837685012132589,1
402,-1.6193808434847645,0.7961355092490774,-1.7738852231822153,-0.7080635611962338,1
337,0.6512687519424654,-0.9120654117545217,0.37280189960113397,1.221500287213817,0
632,0.32373480529801507,-0.5704252275538019,1.1850961194433702,1.0250571506448474,0
748,-1.2552438739012428,2.5043364302526765,-1.1336780336037873,0.3575606923959945,1
986,0.7219504514110175,-0.9120654117545217,0.3704667135126423,1.200534198392071,0
167,1.3290557629176871,-0.5704252275538019,-0.09195159411033851,0.905185816729212,0
671,0.0681447313269123,2.8459766144533964,0.29581161229904707,0.09639615120337368,1
295,1.098078066440098,-0.0010249205526021983,0.8759483585880116,0.8880938964940929,0
729,0.9213738177687174,-0.9120654117545217,0.11709939582505831,1.0795234031274274,0
882,1.376387258097521,-0.7981853503542817,-0.31170073455781744,0.44712235442801895,0
283,0.4266019214888546,-0.11490498195284214,1.065466124742636,1.3078714574686188,0
168,-0.34143047362924983,0.6822554478488374,-0.8456118345425233,-1.714207932370248,1
122,0.79831193030115,-1.0259454731547617,0.6171633495089223,0.7472564737567109,0
4,0.21266356327600547,-0.11490498195284214,1.4088675079187118,1.0387306868329433,0
786,0.5723829266427423,-1.5953457801559614,-0.3020422676635443,-0.3320413160236126,0
888,1.0381248392123081,-0.5704252275538019,0.8224471644417732,0.588871346244607,0
185,-1.1435415452768347,2.0488161846517166,-0.8618141924430012,-0.9881431607823867,1
124,-0.1685127445722571,0.7961355092490774,1.0282791626307857,-1.2053244939033005,1
628,-0.7232378680799101,0.3406152636481176,-0.5732095058838479,-1.6401429446847315,1
549,0.5610233677995825,-0.11490498195284214,1.1557075302926418,1.1392311778154438,0
171,0.4316506143080368,1.251655754850037,1.5664966709434867,0.45099652301464566,0
197,0.8563718977217455,-0.0010249205526021983,0.6746703834767163,1.3518546655403256,0
361,-0.18050339001781485,0.5683753864485975,0.3280067505558105,-1.5740541864422708,1
376,1.5145952240226357,0.11285514084763774,-0.21784281117226448,0.9630704532588154,0
430,1.4969247991554977,-0.45654516615356194,-0.8300680423769983,0.726290384934965,0
278,1.033076146393126,-1.1398255345550017,-0.14547814639359677,-0.5360048974960349,0
768,0.22591638192635854,0.5683753864485975,-3.058154039166068,-0.19279913917484226,1
196,-1.2760697317803695,1.0238956320495574,0.6237385652726223,-0.974469624594291,1
456,-1.3877720604047779,-0.11490498195284214,-0.49615134827385504,-1.199399294888459,1
840,0.4707779836566989,0.45449532504835755,0.12554663876286057,-1.5148021962938578,1
701,0.30101568761169484,2.0488161846517166,0.19898604105462822,-1.0877320826856804,1
611,-1.6092834578464001,-0.5704252275538019,-0.3795330052579908,-0.7249275891615516,1
798,0.11547622650674617,1.1377756934497971,1.7058381422116922,0.36849952134647046,0
495,1.0469600516458772,-0.11490498195284214,0.8074724387040733,0.9835807575409584,0
191,-0.30104093107579205,-0.11490498195284214,-0.8715942292294568,-1.6668063402515174,1
834,0.23475159435992757,-1.0259454731547617,0.8846760326881496,1.0476184853552049,0
878,1.0570574372842416,0.7961355092490774,-0.18490930363169164,1.5827095348493347,0
760,0.6821919954599573,0.45449532504835755,1.205037310899138,1.1209997962313165,0
409,-1.8718154844438786,1.0238956320495574,-0.6195022766684529,-0.6185018991642094,1
142,-0.5932340279859663,0.9100155706493174,0.8169616027423615,-1.2675390835591342,1
545,-1.4136466111030868,2.1626962460519565,0.00907298629352076,-0.2668641268603586,1
71,0.2530531058294637,1.1377756934497971,1.45763120540762,0.9715024672414743,0
877,0.23222724795033695,-0.22878504335308208,1.6572601557850748,0.16020598674781875,0
450,-1.3625285963088665,-0.9120654117545217,0.30907242630523796,-0.43915068283035963,1
682,-1.3524312106705016,-0.0010249205526021983,-0.3004394842383861,-1.2488519174354038,1
964,0.00440498448473569,-1.3675856573554814,0.18985487424485323,1.2271975939588566,0
837,-0.5825055557452038,1.479415877650517,0.07025993343941056,-1.4282031337692542,1
411,0.8633138503481219,-0.7981853503542817,0.8372451290478949,0.6392355378707584,0
279,1.0520087444650594,-0.9120654117545217,0.5912890998181021,0.3819451652647643,0
716,-1.580253474136102,-0.11490498195284214,-0.08212382436008106,-0.9452994140596875,1
93,-0.9415938325095438,0.45449532504835755,0.6822726037897144,-1.2340389198983008,1
761,0.5010701405717928,-0.5704252275538019,1.4289824771958195,0.24703294154222408,0
40,1.2608984098587264,-0.7981853503542817,0.20077304388695852,0.5152621430986941,0
961,0.8626827637457238,-1.1398255345550017,0.6205277776293907,0.3545980928885739,0
823,0.8891884010464309,-0.45654516615356194,1.080096278147892,0.6772935469276233,0
97,-1.5815156473408978,0.5683753864485975,0.7403971829766943,-0.5401069583524629,1
473,1.0387559258147054,-0.7981853503542817,-0.2508874470191883,1.1745544796346896,0
860,1.664162748790911,1.0238956320495574,-0.22967834871243611,0.06038917257472303,1
519,-1.8932724289254035,0.45449532504835755,-0.6687291330717509,-0.6551925546022654,1
57,-1.2634479997324142,1.479415877650517,-0.1986407348278664,-1.1551881945469509,1
415,-1.5032609086435722,0.7961355092490774,-0.979528901971188,-1.1565555481657606,1
294,0.4133491028385006,-0.0010249205526021983,1.5429277742387824,-0.3648578028750413,0
403,1.402892895398228,-0.7981853503542817,-0.29720408428569467,0.504095421878416,0
553,-1.2792251647923587,-0.11490498195284214,0.023640490183786594,-1.195069341762229,1
436,-0.5433781863965412,-1.0259454731547617,-1.2069429122466548,1.5523998629657239,0
998,-0.5963894609979554,-1.9369859643566811,-0.9754835332889845,0.18117207556956463,0
543,-0.07574301401978276,0.2267352022478777,-1.4142881945536965,-1.6248741626080252,1
906,-1.7664240218434488,1.593295939050757,-0.46046349955640564,0.8206377846328224,1
382,0.7989430169035473,-0.7981853503542817,0.9010297935831867,-0.2700546186375805,0
485,0.11863165951873492,-0.11490498195284214,0.5810712622542764,-1.3794341880317142,1
10,-1.0955789634946032,1.479415877650517,-0.6986532264101314,-1.3213216592323092,1
434,1.1706530257158427,0.3406152636481176,0.8067154237312794,0.9384580881202441,0
773,0.11295188009715554,2.7320965530531565,0.4158726953291168,0.4170405748142094,1
613,0.7074354595558683,-0.5704252275538019,0.8081019171642099,1.1153024894862766,0
622,-0.30104093107579205,2.7320965530531565,-0.6534090891740473,-0.6485836787780196,1
293,1.0482222248506725,-0.342665104753322,0.5718640210334425,1.111200428629848,0
471,0.16974967431295565,0.11285514084763774,1.5966818039276585,0.8333997517417114,0
889,-0.6891591915504297,-0.0010249205526021983,-0.14820041698541891,-1.5720031560140566,1
537,-0.20700902731852194,-1.1398255345550017,0.9158061291900852,0.8771550675436168,0
462,0.6235009414369629,-1.0259454731547617,0.912911572432041,-0.1100742452368657,0
347,-1.7121505740372394,1.8210560618512368,0.10402951367407448,0.19507350402746185,1
813,0.5793248792691187,-0.9120654117545217,1.1093573307859619,0.5439765690936941,0
951,-1.4925324364028099,-1.0259454731547617,-1.1788960668752928,-0.39972532015468437,1
558,0.6575796179664437,-1.1398255345550017,0.6245336174509459,-0.3589326038602002,0
512,1.2324995127508258,-0.342665104753322,0.5162663056177209,0.801722726239291,0
725,0.8671003699625079,-1.0259454731547617,-0.267793120308184,1.2477078982409997,0
505,0.976278352177325,0.6822554478488374,1.1564100998535998,0.801722726239291,0
599,-1.6641879922550074,1.365535816250277,0.20712451138283755,0.959652069211792,1
231,-1.1504834979032104,-0.45654516615356194,-1.7830551730250794,-0.9936125752576245,1
220,0.8128269221562985,0.11285514084763774,0.026358285810252503,1.6993903769877483,0
957,0.31237524645485537,-0.9120654117545217,0.12869030192574574,1.5271038210177472,0
441,0.9087520857207624,-0.11490498195284214,0.6687626833786826,1.2960210594389368,0
501,0.9346266364190714,0.11285514084763774,-0.23514004392994642,1.6674854592155257,0
36,-0.1729303507890416,1.9349361232514768,0.1320703924249616,-1.2431546106903641,1
777,0.4531075587895617,-0.6843052889540419,1.076828807610145,1.0259687197240543,0
5,-0.31618700953333856,-1.4814657187557214,0.3551302614086313,1.0651661901299274,0
667,0.9220049043711155,-0.5704252275538019,0.24930255152221448,1.2755107551567935,0
108,-1.1025209161209788,-0.6843052889540419,-1.6215715731733082,-1.0214154321734183,1
356,-1.738656211337946,1.251655754850037,-1.7690276482878218,-0.2766634944618264,1
623,1.4495933039756637,-0.11490498195284214,-0.4535713070799592,-0.7007710085625832,0
74,-1.6749164644957697,0.6822554478488374,0.237399889501697,-0.7752917807877029,1
257,-1.5739426081121242,0.2267352022478777,0.13291989001512194,-0.9416531377428622,1
943,-1.621905189894356,-0.45654516615356194,-0.49707915775775297,-0.7809890875327427,1
573,0.6051994299674277,-1.4814657187557214,-1.1086681980543158,-0.49338904304313763,1
229,0.697969160519902,-1.4814657187557214,0.2710061335008514,0.47948305673984426,0
865,-1.6073901980392067,-0.342665104753322,-1.1005565775182449,-0.8612071665029014,1
178,-1.289322550430723,-0.5704252275538019,-1.2418193005794735,-1.067221778403538,1
125,0.919480557961524,-0.5704252275538019,0.46447081909983773,1.160653051176793,0
965,-1.8774952638654587,1.593295939050757,-0.5928568412812099,0.32907415867079587,1
898,-0.6020692404195352,0.11285514084763774,-0.963691999574818,-1.6385476987961205,1
905,0.6903961212911283,-1.0259454731547617,-0.1459950048922633,1.298072089867151,0
290,-0.9138260220040408,-0.5704252275538019,1.288109821948159,-0.19097600101642928,1
655,-0.7674139302477547,0.7961355092490774,-1.9768002897864014,-1.314712783408063,1
721,-1.383985540790391,-0.0010249205526021983,0.41639701210337726,-0.9655818260720292,1
902,-1.223058457178956,0.7961355092490774,-0.10085006272158002,-1.3381856871976265,1
745,-0.44240433001289553,1.593295939050757,0.5568423081594998,-1.2629812381631025,1
83,0.24863549961267878,2.0488161846517166,-1.8104024321457215,-0.9409694609334575,1
493,-0.33448852100287424,-0.9120654117545217,-0.4356751747920765,-1.3616585909871903,1
578,0.11926274612113302,-1.4814657187557214,0.7036129677469217,0.6435654909969885,0
299,0.05047430645977425,-1.2537055959552414,0.4358109034746462,1.173415018285682,0
714,0.3956786779713626,-1.7092258415562014,-0.3618964209607801,0.8210935691724258,0
272,0.7118530657726532,-0.342665104753322,-0.17254944931725955,1.694148854782312,0
577,1.0229787607547607,-0.0010249205526021983,0.6260782263264707,1.208738320104928,0
135,-0.9535844779551015,0.3406152636481176,-2.78119246663676,-0.4551031417164706,1
851,-1.8863304762990278,-0.11490498195284214,-0.5490558803725706,-0.5006815956767883,1
156,-1.2849049442139386,-0.0010249205526021983,0.05873988095686678,-1.2076034166013163,1
421,1.180750411354207,1.0238956320495574,0.7133146926396404,0.9225056292341325,0
508,0.9655498799365625,2.5043364302526765,-0.4407460563684596,-0.14972750018234168,1
492,-0.32312896215971415,-0.6843052889540419,1.5315673288539504,0.3106148848168671,0
303,0.7926321508795697,0.2267352022478777,0.6217852428945448,-1.1205485695371091,1
169,1.368814218868747,-0.22878504335308208,0.5398732395279554,0.4229657738290505,0
112,0.3786393397066226,-1.5953457801559614,0.07960813606897166,0.726290384934965,0
815,1.0072015956948162,0.3406152636481176,0.9596525855798476,1.0255129351844507,0
976,-0.19943598808974822,1.0238956320495574,-0.6694331942878278,-1.694837089437113,1
465,-1.2180097643597734,-0.342665104753322,0.9236559642528053,-0.6581551541096861,1
552,-0.5433781863965412,2.5043364302526765,-1.6965801966500602,-0.5872806582013923,1
548,0.9169562115519333,-0.342665104753322,0.48235128900897356,1.2926026753919126,0
705,0.8734112359864863,-1.1398255345550017,0.1188699904510822,0.8582400091500847,0
173,0.5938398711242671,-1.1398255345550017,0.7007683814353575,-0.3862796762363906,0
476,0.8683625431673041,-1.3675856573554814,-0.6397142035282831,0.9111110157440531,0
116,0.47961319609026787,2.1626962460519565,0.8812355301566217,-0.388558598934407,1
46,0.2915493885757286,-1.8231059029564411,-0.29954299951198354,0.5070580213858367,0
507,-0.9472736119311236,0.5683753864485975,0.45258754859586486,-1.34297142486346,1
15,-0.09783104510370487,-1.4814657187557214,-0.21015705817261296,-0.8969862528617513,1
380,0.9605011871173803,-0.6843052889540419,0.5076333516176273,1.0159414598527843,0
310,0.7295234906397913,-0.22878504335308208,1.1320998505548483,0.9464343175632995,0
629,0.5641788008115712,-1.1398255345550017,0.03065798169021227,1.2796128160132223,0
70,-1.1908730404566685,-0.5704252275538019,0.3914826424815093,-0.9341326928394101,1
942,0.915694038347138,0.3406152636481176,-1.495961533101277,-1.2509029478636182,1
387,-1.2962645030570987,0.6822554478488374,-1.8282113026091542,-1.078844284163419,1
931,-0.20448468090893085,-0.22878504335308208,-1.599509248138598,-1.4883666929968735,1
532,0.9169562115519333,1.7071760004509968,-0.6613864607494253,1.4792464443594138,0
263,-1.3871409738023797,0.9100155706493174,-0.3580143885140861,-1.2483961328958006,1
894,1.28551078735224,-0.0010249205526021983,0.8399949952594147,0.331808865908415,0
371,-1.8251150758664427,1.0238956320495574,-1.0130374425600612,-0.6501789246666305,1
449,0.8008362767107406,-1.5953457801559614,-0.4584915314893431,-0.2306292559619059,0
953,-1.2287382366005357,-0.7981853503542817,0.08427030414280202,-0.8755643795004014,1
193,-1.3461203446465237,1.9349361232514768,-0.6709233577515159,-0.8252001878742508,1
808,-1.378305761368811,-0.11490498195284214,-2.2097736986896606,-0.5444369114786931,1
832,-1.4855904837764342,0.6822554478488374,-0.21051729288380489,-1.1627086394504036,1
72,-0.6090111930459108,0.3406152636481176,1.5296632310947937,-0.6114372388003607,1
49,-1.0722287592058852,1.1377756934497971,-0.053244635432424754,-1.368951143620841,1
741,0.37232847368264516,-0.9120654117545217,1.2475837898528597,0.2495397565100412,0
147,0.3735906468874405,0.5683753864485975,-0.3732397123117457,-1.637180345177311,1
916,-0.6336235705394245,0.6822554478488374,0.32963936708334435,-1.509788566358223,1
129,0.14892381643382885,0.11285514084763774,1.350281261472461,1.2205887181346107,0
621,1.44202026474689,-0.5704252275538019,-0.21039945212941902,0.689827621766711,0
693,0.009453677303918759,-0.7981853503542817,-1.0191107163762827,-1.428886810578659,1
502,0.07382451074849258,-1.1398255345550017,0.6399364482077439,1.1098330750110383,0
666,0.6310739806657366,-0.7981853503542817,0.6686463342794159,1.1476631917981026,0
289,-0.2821083330038582,-1.3675856573554814,0.8855881797932995,-0.2912485997291284,1
827,-1.3574799034896838,1.0238956320495574,-0.5244420792571421,-1.260930207734888,1
962,0.3212104588884244,-1.7092258415562014,-0.020445376852544175,0.7103379260488535,0
708,-1.142910458674437,1.365535816250277,1.3092212168446296,-0.07338358979880961,1
719,0.16343880828897817,1.0238956320495574,0.2742922497275828,-1.5111559199770324,1
237,0.04100800742380801,-0.6843052889540419,1.2835684779389522,-0.5002258111371849,0
328,0.12936013175949737,-1.2537055959552414,0.7772559809624068,0.9325328891054023,0
829,-1.0438298620979847,1.479415877650517,0.4646528010243323,-1.0852252677178633,1
634,-0.3818200161827081,2.1626962460519565,0.09268398484043082,-1.1100655251262366,1
452,0.9889000842252809,-0.22878504335308208,0.29157083679627965,1.3618819254115955,0
34,-0.46449236109681813,2.3904563688524365,-0.7025009507890935,-1.052636673136236,1
779,0.9813270449965071,-0.11490498195284214,0.9708362698331002,0.9095157698554421,0
25,0.8671003699625079,-0.9120654117545217,0.7329993194149725,0.56494265791544,0
899,-1.8516207131671498,1.0238956320495574,-0.6565080026833684,-0.6444816179215909,1
782,0.9756472655749269,-0.7981853503542817,0.14240084995025729,1.157234667129769,0
481,1.1523515142463074,0.45449532504835755,1.1355672028785149,0.1768421224433345,0
886,-1.3000510226714856,1.9349361232514768,-0.8894903615173401,-0.889921592497902,1
159,0.6657837437976146,-0.0010249205526021983,1.3600068528470801,-0.4731066310307959,1
677,-1.1214535141929125,0.2267352022478777,1.1621895176114165,-0.6882369337234956,1
134,-1.3574799034896838,1.251655754850037,-0.34789425436054217,-1.188916250477586,1
794,-0.9876631544845819,1.479415877650517,-0.7977274677461513,-1.3705463895094523,1
43,1.0337072329955233,-0.5704252275538019,0.7405776732460698,0.7360897525364335,0
22,-1.4836972239692408,1.8210560618512368,-1.6679911346430116,-0.3457148522117078,1
243,1.264053842870715,-0.6843052889540419,0.40070629190865015,0.5587895666307975,0
316,0.6840852552671508,-1.7092258415562014,-0.4820149327129242,0.15906652539881055,0
105,0.9775405253821203,0.45449532504835755,0.9089057326104852,1.1194045503427055,0
446,-1.69763558218209,-0.22878504335308208,0.42072803274083237,0.7834913446551636,1
579,0.19625531161366272,0.2267352022478777,1.40845655693348,1.1670340347312376,0
713,-0.9832455482677973,1.9349361232514768,-0.7111279381687117,-1.185042081890959,1
809,0.15839011546979598,0.7961355092490774,-2.316345744480362,-1.2032734634750861,1
651,1.0255031071643523,-0.342665104753322,0.7597432040400574,0.9651214836870297,0
740,-1.3486446910561147,0.2267352022478777,0.5039646258529228,-1.0198201862848073,1
381,-1.3486446910561147,0.5683753864485975,-0.24893934543402713,-1.2932909100467136,1
861,0.20509052404723177,-0.7981853503542817,1.1429658122677957,0.9133899384420695,0
267,0.46951581045190355,-0.22878504335308208,1.1595500338786882,1.142649561862467,0
790,-1.7683172816506423,-0.5704252275538019,-1.1521178741824756,-0.276435602192025,1
917,1.3972131159766477,-0.5704252275538019,0.24129087187910403,0.44210872449238403,0
31,1.351143794001609,-0.9120654117545217,-0.7015306291343095,0.6262456784920672,0
118,1.2274508199316436,1.593295939050757,-1.8848710764694656,0.61940891039802,1
736,0.9339955498166733,-0.9120654117545217,0.16258368953527086,1.136724362847626,0
609,1.2173534342932792,-0.6843052889540419,0.1479788942670343,-0.44826637362242266,1
300,0.3136374196596507,-0.9120654117545217,0.00310263668049688,1.5952436096884224,0
742,0.43543713392242367,-0.7981853503542817,1.2831187439206322,0.30286654764361304,0
972,-0.9163503684136324,1.593295939050757,-2.5661696354332206,-0.4004089969640892,1
608,-0.18555208283699703,0.45449532504835755,0.633476089888192,-1.4523597143682225,1
338,0.5919466113170737,0.45449532504835755,1.418907838523399,0.9127062616326647,0
574,-1.1574254505295862,1.0238956320495574,-0.4399137128121658,-1.4092880753757224,1
557,0.9257914239855024,-0.9120654117545217,0.2667168792067232,1.066305651478935,0
464,1.4540109101924488,1.0238956320495574,0.5660711783795565,0.25455338644567616,0
954,-0.8425132359330915,-0.5704252275538019,0.2980744531142765,1.595015717418621,0
918,0.8702558029744976,-0.45654516615356194,0.9937764339052281,0.8042295412071081,0
397,-0.9138260220040408,-0.9120654117545217,0.8896999271282905,0.9045021399198072,1
459,0.9352577230214686,-1.1398255345550017,-0.26009543406758173,0.9863154647785776,0
526,-1.3473825178513195,0.3406152636481176,0.6450692334715575,-0.9373231846166321,1
460,-1.0709665860010895,0.45449532504835755,-2.1928262590573384,-1.0346331838219107,1
909,0.6462200591232832,-1.3675856573554814,-0.2048855489827502,1.0594688833848878,0
673,-0.949166871738317,2.1626962460519565,0.4451561227939701,-0.6394679879859559,1
691,1.398475289181443,0.11285514084763774,-0.31983472992066997,1.1838980626965547,0
974,-1.4590848464757271,0.45449532504835755,-0.804175146997193,-1.2281137208834594,1
3,0.5774316194619252,-0.7981853503542817,-0.014455635722976201,1.5015798867999692,0
792,-0.5326497141557788,-1.1398255345550017,1.0280076813991628,0.5576501052817893,0
195,0.43291278751283213,-0.45654516615356194,-0.2510947870807029,-1.4464345153533813,1
27,-0.8235806378611576,1.8210560618512368,0.24581133271664765,-1.157011332705364,1
930,1.0059394224900209,-0.0010249205526021983,0.43280372675513196,1.3659839862680243,0
96,-1.2167475911549779,-0.0010249205526021983,-2.425947341817359,-0.5920663958672252,1
497,-1.4704444053188872,0.3406152636481176,-0.9025848559777843,-1.2089707702201258,1
66,-0.07006323459820248,0.45449532504835755,-0.2746636837854071,-1.704180672498978,1
904,0.9870068244180874,-1.1398255345550017,-0.5985900177303429,0.9478016711821091,0
511,0.3338321909363803,-1.1398255345550017,0.5260597673002464,1.1706803110480628,0
595,-1.3271877465745903,-0.0010249205526021983,1.0340115932523597,-0.5248381762757568,1
973,1.0015218162732367,-0.9120654117545217,0.636101402897292,0.5309867097150037,0
937,-0.9087773291848588,1.365535816250277,0.8171816218723864,-1.0102487109531408,1
547,1.1611867266798763,0.3406152636481176,0.4385078159294489,1.253633097255841,0
166,0.07445559735089069,2.1626962460519565,-1.9934598399807937,-0.8336322018569097,1
18,-0.6500318222017668,-0.0010249205526021983,-1.7834571740795977,-1.4040465531702857,1
19,0.6045683433650295,0.45449532504835755,-2.3253620538459887,-1.0138949872699663,1
730,0.033434968195034304,-1.9369859643566811,-0.2946414207915848,0.2317641594655173,0
638,-0.2499229162815713,0.5683753864485975,1.5517031813027211,-0.7016825776417893,1
703,0.79831193030115,-0.9120654117545217,0.8352269196721498,0.6383239687915515,0
824,0.21897442929998295,-0.9120654117545217,0.8974796544004264,1.062887267431911,0
724,0.7421452226877472,-1.2537055959552414,-0.33798220609607177,1.1570067748599677,0
359,1.1611867266798763,-0.22878504335308208,0.8719641477656791,0.6351334770143295,0
722,-1.6111767176535936,0.7961355092490774,0.788790949996139,-0.37648030863492277,1
848,0.3401430569603578,-0.45654516615356194,-0.5700069223437698,1.857775504499852,0
329,-1.4849593971740367,-0.5704252275538019,0.44406050210920645,0.906781062617823,1
238,0.5881600917026868,-0.342665104753322,0.5265624550752841,-1.1811679133043322,1
908,-0.5105616830718567,1.593295939050757,-2.4781448293897608,-0.7648087363768297,1
680,0.8210310479874703,-1.1398255345550017,0.5764799477985897,0.47196261183639215,0
87,-0.7762491426813237,-0.22878504335308208,0.2643168061205633,-1.3992608155044526,1
489,0.9649187933341653,-0.5704252275538019,-0.4133764224210355,1.4783348752802075,0
427,1.072203515741788,-0.342665104753322,0.4676443153650991,1.1599693743673882,0
67,-1.8724465710462765,-0.45654516615356194,-0.260280399302314,0.46079589061611415,1
48,-1.30446862888827,0.11285514084763774,-0.1697995831057398,-1.282579973366039,1
593,1.0772522085609701,-1.3675856573554814,-0.34771003495336944,0.31836322199012124,0
50,0.5162162190293402,-1.4814657187557214,0.48674570498897785,0.38080570391575674,0
605,-0.020838479611175173,1.7071760004509968,-2.2884517937586772,-0.9491735826463149,1
245,1.0236098473571589,1.9349361232514768,-1.543173909266627,0.9819855116523475,0
554,-1.6818584171221453,-0.342665104753322,-0.5632571829311697,-0.7866863942777823,1
365,0.43543713392242367,2.0488161846517166,0.46457299747547615,-0.9081529740820288,1
63,1.3290557629176871,-0.45654516615356194,0.492324495133315,-0.02461464406126995,0
426,-0.6670711604665072,0.11285514084763774,1.5050949254604884,-0.5756581524415109,1
308,1.254587543834748,-0.45654516615356194,0.6656376659047826,0.1476719119087311,0
205,-0.4278893381577467,-0.7981853503542817,-1.3167406622317757,-1.346845593450087,1
747,-1.001547059737333,-0.45654516615356194,-1.036911382736562,-1.3561891765119523,1
433,1.276675574918671,-0.0010249205526021983,0.6890484471668936,0.7502190732641314,0
805,1.1921099701973676,-0.9120654117545217,0.38696367329908427,0.020052240819841607,0
251,-0.23856335743841117,1.0238956320495574,0.6625790270836693,-1.389461447902984,1
568,-0.030935865249539517,0.6822554478488374,1.8261438566812465,0.24407034203480354,0
645,-1.1902419538542708,-0.9120654117545217,-1.139328423193827,-0.9578334888987752,1
692,0.07950429017007286,1.251655754850037,-3.017017174299618,-0.021879936823650782,1
850,0.8570029843241436,-0.342665104753322,-0.2407098841435705,1.5977504246562402,0
616,-0.7762491426813237,0.5683753864485975,-1.0397104735670024,-1.6102890573407234,1
561,-1.6818584171221453,0.5683753864485975,-1.5001568131229208,-0.8046898835921077,1
130,-1.1372306792528573,1.593295939050757,-2.4877145428044654,-0.10551639984083354,1
690,1.398475289181443,-0.342665104753322,0.43302225423003715,0.3908329637870266,0
869,1.098709153042495,-0.0010249205526021983,0.8116699562083951,0.9589683924023872,0
388,0.1956242250112646,0.45449532504835755,1.4844511644437641,1.0877275248402842,0
801,-0.7364906867302636,-0.22878504335308208,-0.799890367668421,-1.5581017275561597,1
517,1.1226904439336116,-0.22878504335308208,-0.5222471087498182,-1.0920620358119106,1
952,-0.1394827608619589,-0.0010249205526021983,-2.732073009402016,1.1820749245381423,1
520,-1.160580883541575,0.6822554478488374,0.8097255837610312,-0.9986262051932594,1
78,-0.5591553514564859,0.2267352022478777,-1.6640128904411544,-1.5148021962938578,1
254,-0.5238145017222098,1.365535816250277,0.5806155616154809,-1.2960256172843327,1
234,-1.7468603371691174,1.593295939050757,0.1294115171756886,0.43869034044536004,1
428,-0.2821083330038582,-0.7981853503542817,0.1312268614552766,-1.2926072332373089,1
161,1.115748491307236,-0.342665104753322,0.572019153165798,0.9746929590186968,0
617,0.2151879096855961,0.2267352022478777,0.4794313741139094,1.8176664650147727,0
895,1.0090948555020096,-1.1398255345550017,-1.4527318761031416,0.6273851398410755,0
221,0.6834541686647527,-1.0259454731547617,0.9334829881755042,0.469227904598773,0
